"product_id","product_name","profit_margin_percentage","profit_rank"
332,"Men's Blazer","0.95","1"
187,"Bose Soundbar 700","0.95","1"
695,"Dog Bandana","0.95","1"
679,"Activity Center","0.95","1"
483,"Waffle Maker","0.95","1"
253,"Sony WH-1000XM4 Noise Cancelling Headphones","0.95","1"
252,"HP Spectre x360 13 Laptop","0.95","1"
244,"Logitech MX Master 3S","0.95","1"
667,"Dog Travel Bowl","0.95","1"
648,"Child's Scooter","0.95","1"
297,"Microsoft Surface Pro 6","0.95","1"
196,"Bose QuietComfort 45","0.95","1"
114,"Microsoft Xbox Series X","0.95","1"
112,"TP-Link Archer AX73 Wi-Fi 6 Router","0.95","1"
620,"Train Set","0.95","1"
156,"Fitbit Inspire 3","0.95","1"
665,"Bird Feeder","0.95","1"
475,"Ice Cream Maker","0.95","1"
220,"Fitbit Luxe","0.95","1"
70,"Samsung 43-Inch 4K UHD Monitor","0.95","1"
265,"Microsoft Surface Laptop 4","0.95","1"
160,"Corsair K95 RGB Platinum","0.95","1"
199,"Jabra Elite 85t Wireless Earbuds","0.95","1"
748,"Dog Play Pen","0.95","1"
308,"Logitech G910 Orion Spectrum Keyboard","0.94","2"
582,"Bird Toy","0.94","2"
689,"Exercise Resistance Bands","0.94","2"
157,"Sony A6400 Mirrorless Camera","0.94","2"
671,"Pet Litter Mat","0.94","2"
60,"Samsung Odyssey G9","0.94","2"
84,"Samsung Galaxy Z Fold 3","0.94","2"
164,"iPad Mini (6th Gen)","0.94","2"
131,"Microsoft Surface Laptop Studio","0.94","2"
366,"Unisex Beaded Bracelet","0.94","2"
173,"Microsoft Surface Dock 2","0.93","3"
426,"Men's Work Boots","0.93","3"
446,"Blender","0.93","3"
4,"Apple AirPods Pro 2nd Gen","0.93","3"
193,"Canon EOS R6 Mirrorless Camera","0.93","3"
478,"Pizza Stone","0.93","3"
359,"Men's Casual Sneakers","0.93","3"
163,"Belkin BoostCharge 10W Wireless Charger","0.93","3"
672,"Toy Robot","0.93","3"
600,"Folding Chair","0.93","3"
41,"Dell Inspiron 15 3000","0.93","3"
487,"Meat Thermometer","0.93","3"
607,"Pet Water Fountain","0.93","3"
523,"Vegetable Peeler","0.93","3"
510,"Collapsible Dish Rack","0.93","3"
447,"Microwave Oven","0.93","3"
686,"Tennis Shorts","0.92","4"
424,"Men's Chukka Boots","0.92","4"
365,"Women's Ballet Flats","0.92","4"
628,"Running Watch","0.92","4"
333,"Women's Floral Skirt","0.92","4"
225,"Microsoft Surface Pro X","0.92","4"
241,"Razer Viper Ultimate Wireless Mouse","0.92","4"
540,"Salad Spinner","0.92","4"
673,"LEGO Star Wars Set","0.92","4"
325,"Women's Sandals","0.92","4"
738,"Art Supplies Set","0.92","4"
511,"Rolling Pin","0.92","4"
58,"Samsung Galaxy Buds2 Pro","0.92","4"
8,"Apple iMac Pro","0.92","4"
5,"Apple AirPods Pro 2nd Generation","0.92","4"
85,"Samsung Galaxy S20 Ultra","0.92","4"
603,"Resistance Bands","0.92","4"
562,"Board Game","0.91","5"
248,"Canon RF 85mm f/1.2L USM Lens","0.91","5"
697,"Pet Sling Carrier","0.91","5"
430,"Women's Faux Fur Coat","0.91","5"
707,"Kids’ Board Games","0.91","5"
586,"Dog Food","0.91","5"
514,"Serving Tray","0.91","5"
374,"Men's Fitted Blazer","0.91","5"
48,"Dell UltraSharp U4021QW Monitor","0.91","5"
521,"Wall-Mounted Bottle Opener","0.91","5"
279,"Logitech G203 Lightsync Gaming Mouse","0.91","5"
273,"Microsoft Surface Go 3","0.91","5"
271,"Canon RF 24-105mm f/4L IS USM Lens","0.90","6"
747,"Cat Tunnels","0.90","6"
215,"Anker Nebula Capsule","0.90","6"
593,"Magic Set","0.90","6"
440,"Women's Casual Flats","0.90","6"
116,"LG 27GN950-B UltraGear Monitor","0.90","6"
706,"Remote-Controlled Boat","0.90","6"
319,"Men's Casual Shorts","0.90","6"
578,"Cat Litter Box","0.90","6"
147,"ASUS TUF Gaming A15","0.90","6"
99,"Garmin Forerunner 945","0.90","6"
595,"Bike Helmet","0.90","6"
350,"Women's Capris","0.90","6"
191,"HP Omen 15 Gaming Laptop","0.90","6"
264,"Lenovo IdeaPad Gaming 3","0.90","6"
529,"Set of Measuring Spoons","0.90","6"
123,"Huawei Watch GT 3","0.90","6"
708,"Stuffed Animal Set","0.90","6"
638,"Pet GPS Tracker","0.90","6"
329,"Men's Polo Shirt","0.90","6"
71,"Samsung 55-Inch The Frame TV","0.90","6"
663,"Catnip Toys","0.90","6"
288,"Logitech C922 Pro Streaming Webcam","0.90","6"
546,"Silicone Ice Cube Molds","0.89","7"
121,"Amazon Echo Studio","0.89","7"
657,"Yoga Blocks","0.89","7"
694,"Cat Food Mat","0.89","7"
354,"Men's Sweater Vest","0.89","7"
543,"Casserole Dish Set","0.89","7"
100,"DJI Mini 2 Drone","0.89","7"
386,"Unisex Leather Gloves","0.89","7"
207,"Sony ZV-1 Compact Camera","0.89","7"
645,"Kids Camera","0.89","7"
481,"Knife Set","0.89","7"
43,"Dell XPS 17 Laptop","0.89","7"
223,"Logitech G703 Lightspeed Wireless Mouse","0.89","7"
286,"Microsoft Surface Laptop 3","0.89","7"
561,"Action Figures","0.89","7"
318,"Women's Yoga Pants","0.88","8"
432,"Women's Casual Sneakers","0.88","8"
358,"Women's Winter Scarf","0.88","8"
111,"Acer Predator Helios 300","0.88","8"
644,"Glow Sticks","0.88","8"
222,"Sony Xperia 10 III","0.88","8"
555,"Automatic Pet Feeder","0.88","8"
10,"Apple iPad 9th Gen","0.88","8"
316,"Unisex Sunglasses","0.88","8"
420,"Women's Denim Overalls","0.88","8"
209,"Bose SoundLink Flex","0.88","8"
119,"Elgato Stream Deck XL","0.88","8"
238,"Logitech G Pro X Wireless Headset","0.88","8"
137,"Logitech StreamCam","0.88","8"
228,"Razer Huntsman Elite Gaming Keyboard","0.88","8"
363,"Women's Ankle Boots","0.88","8"
704,"Action Figures Set","0.87","9"
113,"Netgear Nighthawk X6S Router","0.87","9"
55,"Samsung Galaxy Tab S8","0.87","9"
107,"Logitech MX Master 3","0.87","9"
351,"Unisex Sports Cap","0.87","9"
584,"Pet Collar","0.87","9"
564,"Play-Doh Set","0.87","9"
685,"Camping Chair","0.87","9"
589,"Nerf Blaster","0.87","9"
65,"Samsung Galaxy S22 Ultra","0.87","9"
293,"Logitech G512 Mechanical Keyboard","0.87","9"
451,"Slow Cooker","0.87","9"
330,"Women's High-Waisted Jeans","0.87","9"
81,"Samsung 32-Inch Monitor","0.87","9"
531,"Dish Brush","0.87","9"
587,"Aquarium Filter","0.87","9"
530,"Food Storage Jars","0.86","10"
87,"Samsung Galaxy Note 20","0.86","10"
437,"Men's Utility Jacket","0.86","10"
174,"TP-Link Kasa Smart Plug","0.86","10"
206,"DJI Mavic Mini 2","0.86","10"
646,"Miniature Golf Set","0.86","10"
702,"Pet Travel Bowl","0.86","10"
423,"Unisex Sports Watch","0.86","10"
184,"Logitech Brio 4K Webcam","0.86","10"
422,"Women's Summer Dress","0.86","10"
406,"Unisex Stylish Socks","0.86","10"
721,"Fitness Mat","0.86","10"
538,"Tea Canister Set","0.86","10"
476,"Reusable Food Storage Bags","0.86","10"
347,"Men's Graphic T-Shirt","0.86","10"
190,"Sony WF-1000XM4 Wireless Earbuds","0.86","10"
392,"Men's Softshell Jacket","0.85","11"
368,"Women's Sleeveless Top","0.85","11"
375,"Women's Platform Sneakers","0.85","11"
139,"Nintendo Switch Lite","0.85","11"
541,"Knife Sharpener","0.85","11"
275,"Logitech G920 Racing Wheel","0.85","11"
92,"Nintendo Switch OLED Model","0.85","11"
169,"Sony PlayStation 5 DualSense Controller","0.85","11"
144,"TP-Link Deco X20 Mesh Wi-Fi System","0.85","11"
722,"Trail Running Shoes","0.85","11"
539,"Drawer Cutlery Organizer","0.85","11"
304,"Sony A7C Mirrorless Camera","0.85","11"
129,"Bose SoundLink Mini II","0.85","11"
581,"Pet Brush","0.85","11"
457,"Espresso Machine","0.85","11"
631,"Pet Raincoat","0.85","11"
78,"Samsung Galaxy S22","0.85","11"
192,"ASUS ROG Strix G15","0.85","11"
230,"Lenovo Yoga 9i","0.85","11"
731,"Pet Thermometer","0.85","11"
352,"Men's Leather Gloves","0.85","11"
597,"Tennis Balls","0.85","11"
227,"Sony WH-CH520 Wireless Headphones","0.85","11"
152,"Logitech G Pro X Wireless Gaming Headset","0.85","11"
634,"Dog Bone","0.84","12"
154,"Microsoft Surface Pen","0.84","12"
659,"Sports Massage Roller","0.84","12"
32,"Apple TV 4K (2022)","0.84","12"
583,"Dog Treats","0.84","12"
513,"Wine Glasses Set","0.84","12"
208,"GoPro HERO11 Black","0.84","12"
24,"Apple MacBook Pro 14-inch","0.84","12"
67,"Samsung Galaxy Watch 5","0.84","12"
218,"Jabra PanaCast 50 Conference Camera","0.84","12"
63,"Samsung 27-Inch 4K Monitor","0.84","12"
17,"Apple iPhone 13 Mini","0.84","12"
324,"Men's Cargo Pants","0.84","12"
321,"Unisex Backpack","0.84","12"
407,"Men's Gym Shorts","0.84","12"
670,"Dog Cooling Vest","0.84","12"
242,"Canon RF 70-200mm f/2.8L IS USM Lens","0.84","12"
570,"Yoga Mat","0.84","12"
473,"Coffee Grinder","0.84","12"
219,"HP Envy 14 Laptop","0.84","12"
666,"Pet Toothbrush","0.84","12"
588,"Board Game","0.83","13"
371,"Unisex Knit Gloves","0.83","13"
349,"Men's Fleece Jacket","0.83","13"
506,"Cheese Board Set","0.83","13"
315,"Women's Wool Scarf","0.83","13"
516,"Pop-Up Toaster","0.83","13"
201,"Nintendo Switch Pro Controller","0.83","13"
28,"Apple Magic Keyboard with Touch ID","0.83","13"
458,"Water Filter Pitcher","0.83","13"
399,"Men's Utility Shorts","0.83","13"
162,"LG UltraWide 34-Inch Monitor","0.83","13"
106,"Razer BlackWidow V3 Mechanical Keyboard","0.83","13"
497,"Herb Scissors","0.83","13"
676,"Ride-On Toy","0.83","13"
624,"Sports Water Bottle","0.83","13"
664,"Pet Stroller","0.83","13"
104,"Lenovo ThinkPad X1 Carbon","0.83","13"
705,"Children’s Puzzle","0.83","13"
259,"Razer DeathAdder V2 Pro","0.83","13"
484,"Popcorn Maker","0.83","13"
287,"Jabra Elite 75t","0.83","13"
256,"Microsoft Surface Pro 7","0.83","13"
577,"Running Shoes","0.82","14"
749,"Pet Travel Water Bottle","0.82","14"
26,"Apple MacBook Pro 16-inch (2021)","0.82","14"
500,"Grater Set","0.82","14"
580,"Pet Shampoo","0.82","14"
479,"Griddle Pan","0.82","14"
445,"Electric Kettle","0.82","14"
52,"Dell XPS 15 Laptop","0.82","14"
474,"Tea Infuser","0.82","14"
7,"Apple iMac 27-Inch Retina","0.82","14"
537,"Spice Grinder","0.82","14"
195,"Fitbit Versa 4","0.82","14"
109,"Roku Streaming Stick 4K","0.82","14"
611,"Cat Food","0.82","14"
269,"HP Pavilion Gaming Desktop","0.82","14"
362,"Men's Corduroy Pants","0.81","15"
168,"DJI Osmo Pocket 2","0.81","15"
299,"Sony WH-XB900N Wireless Headphones","0.81","15"
736,"Kids’ Bounce House","0.81","15"
186,"GoPro HERO8 Black","0.81","15"
565,"Stuffed Animal","0.81","15"
633,"Pet Wipes","0.81","15"
25,"Apple MacBook Pro 16-inch","0.81","15"
369,"Men's Formal Trousers","0.81","15"
413,"Unisex Beaded Necklace","0.81","15"
609,"Pet Blanket","0.81","15"
317,"Men's Dress Shirt","0.81","15"
19,"Apple iPhone 14 Pro","0.81","15"
36,"Apple Watch Series 7","0.81","15"
409,"Men's Casual Polo","0.80","16"
397,"Men's Sweatpants","0.80","16"
171,"Logitech G733 Wireless Gaming Headset","0.80","16"
517,"Adjustable Cooling Rack","0.80","16"
95,"GoPro HERO10 Black","0.80","16"
553,"Pet Food Bowl","0.80","16"
438,"Women's Polka Dot Dress","0.80","16"
455,"Electric Griddle","0.80","16"
501,"Utensil Holder","0.80","16"
98,"ASUS ROG Strix Scar 15","0.80","16"
534,"Pancake Maker","0.80","16"
410,"Women's Floral Romper","0.80","16"
735,"Remote-Controlled Helicopter","0.80","16"
12,"Apple iPad Air (5th Gen)","0.80","16"
391,"Unisex Casual Belt","0.80","16"
212,"HP Spectre x360 15","0.80","16"
434,"Men's Stretch Jeans","0.80","16"
632,"Dog Pool","0.80","16"
118,"Corsair Vengeance LPX 16GB DDR4 RAM","0.80","16"
408,"Women's Silk Robe","0.80","16"
507,"Vacuum Sealer","0.80","16"
601,"Portable Grill","0.79","17"
101,"Anker PowerCore 26800 Portable Charger","0.79","17"
182,"ASUS ROG Flow X13","0.79","17"
661,"Swim Fins","0.79","17"
723,"Rock Climbing Harness","0.79","17"
14,"Apple iPad Pro 12.9-inch (4th Gen)","0.79","17"
23,"Apple MacBook Pro 13-inch (M1)","0.79","17"
134,"GoPro HERO9 Black","0.79","17"
132,"ASUS ZenBook 13","0.79","17"
718,"Baseball Helmet","0.79","17"
647,"Outdoor Playhouse","0.79","17"
80,"Samsung 49-Inch Odyssey G9 Curved Monitor","0.79","17"
40,"Dell Alienware Aurora R13","0.79","17"
730,"Dog Life Jacket","0.79","17"
618,"Play Kitchen Set","0.79","17"
210,"ASUS TUF Gaming VG27AQ Monitor","0.79","17"
462,"Cutting Board Set","0.78","18"
431,"Men's Dress Boots","0.78","18"
217,"Logitech G915 TKL Mechanical Keyboard","0.78","18"
239,"Microsoft Surface Laptop Go","0.78","18"
331,"Unisex Fitness Tracker","0.78","18"
21,"Apple MacBook Air M1","0.78","18"
662,"Dog Toy Chew Ring","0.78","18"
527,"Food Chopper","0.78","18"
502,"Wooden Salad Bowl","0.78","18"
376,"Unisex Classic Hat","0.78","18"
229,"DJI Pocket 2","0.78","18"
610,"Pet Travel Bed","0.78","18"
556,"Fish Tank","0.78","18"
402,"Men's Knit Beanie","0.78","18"
72,"Samsung Galaxy Buds Live","0.78","18"
94,"Fitbit Charge 5","0.78","18"
491,"Chafing Dish Set","0.78","18"
27,"Apple Magic Keyboard","0.78","18"
295,"Lenovo Legion 5 Pro Gaming Laptop","0.78","18"
262,"Logitech G Pro X Mechanical Keyboard","0.78","18"
183,"Lenovo IdeaPad Flex 5","0.78","18"
616,"Wooden Train Set","0.77","19"
83,"Samsung Galaxy S20 FE","0.77","19"
34,"Apple Watch SE","0.77","19"
428,"Unisex Messenger Bag","0.77","19"
734,"Kid’s Beach Tent","0.77","19"
398,"Women's Wool Hat","0.77","19"
322,"Men's Winter Coat","0.77","19"
744,"Pet First Aid Kit","0.77","19"
128,"Garmin Venu 2","0.77","19"
77,"Samsung Galaxy A52 5G","0.77","19"
465,"Silicone Baking Mats","0.77","19"
641,"Dog Ramp","0.77","19"
520,"Induction Cookware Set","0.77","19"
251,"Razer BlackWidow V3 Mini Keyboard","0.76","20"
658,"Bicycle Pump","0.76","20"
29,"Apple Magic Mouse 2","0.76","20"
699,"Cat Window Perch","0.76","20"
453,"Toaster Oven","0.76","20"
115,"Sony PlayStation 5","0.76","20"
11,"Apple iPad Air (5th Gen)","0.76","20"
716,"Golf Driving Range Net","0.76","20"
245,"Sony RX100 VII Compact Camera","0.76","20"
290,"Microsoft Surface Book 2","0.76","20"
342,"Men's Suede Jacket","0.76","20"
336,"Unisex Crossbody Bag","0.76","20"
654,"Basketball Hoop","0.76","20"
283,"HP Envy 17 Laptop","0.76","20"
643,"Sand Box","0.76","20"
503,"Oven Mitts Set","0.76","20"
250,"Jabra Elite 65t Wireless Earbuds","0.76","20"
76,"Samsung 32-Inch Curved Monitor","0.76","20"
146,"Acer Predator X34 Monitor","0.76","20"
323,"Women's Evening Gown","0.76","20"
348,"Women's Peacoat","0.76","20"
310,"Women's Casual Dress","0.76","20"
421,"Men's Formal Shoes","0.76","20"
61,"Samsung Galaxy Z Flip 4","0.75","21"
405,"Women's Cropped Jacket","0.75","21"
281,"Canon EOS 5D Mark IV Camera Kit","0.75","21"
733,"Cat Water Fountain","0.75","21"
496,"Food Processor Attachments","0.75","21"
357,"Men's Performance Shorts","0.75","21"
257,"Logitech MX Keys Mini","0.75","21"
464,"Salt and Pepper Grinder Set","0.75","21"
692,"Archery Set","0.75","21"
419,"Men's Stylish Sneakers","0.75","21"
393,"Women's Suede Boots","0.75","21"
746,"Pet Seat Belt","0.75","21"
394,"Men's Fleece Pants","0.75","21"
499,"Oil Dispenser","0.75","21"
382,"Men's Chino Shorts","0.75","21"
356,"Unisex Utility Vest","0.75","21"
669,"Pet Safety Seat","0.74","22"
554,"Dog Toys Set","0.74","22"
576,"Ski Poles","0.74","22"
31,"Apple TV 4K","0.74","22"
572,"Golf Clubs","0.74","22"
417,"Women's Leather Boots","0.74","22"
750,"Dog Bowls with Stand","0.74","22"
495,"Magnetic Knife Strip","0.74","22"
533,"Grilling Tools Set","0.74","22"
656,"Baseball Set","0.74","22"
261,"HP 27fw Monitor","0.74","22"
45,"Dell G5 Gaming Desktop","0.74","22"
378,"Women's Leggings","0.74","22"
221,"Canon RF 50mm f/1.2L USM Lens","0.74","22"
151,"Elgato Game Capture HD60 S","0.74","22"
18,"Apple iPhone 14","0.74","22"
277,"Razer Viper V2 Pro","0.74","22"
307,"Razer Huntsman Mini Keyboard","0.74","22"
97,"HP Spectre x360 14","0.74","22"
96,"Sonos One (Gen 2) Wireless Speaker","0.73","23"
460,"Kitchen Scale","0.73","23"
149,"Sony WH-CH710N Wireless Headphones","0.73","23"
20,"Apple MacBook Air 2020","0.73","23"
415,"Women's Maxi Dress","0.73","23"
260,"Canon RF 15-35mm f/2.8L IS USM Lens","0.73","23"
504,"Pot Holders","0.73","23"
373,"Women's Fit & Flare Dress","0.73","23"
166,"Panasonic Lumix GH5","0.73","23"
185,"iPad Air (4th Gen)","0.73","23"
126,"LG Gram 17 Laptop","0.73","23"
612,"Dog Training Collar","0.73","23"
427,"Women's Cozy Sweater","0.73","23"
617,"Giant Jenga","0.73","23"
712,"Kid’s Swing Set","0.73","23"
175,"Fitbit Charge 4","0.73","23"
635,"Cat Food Dispenser","0.73","23"
606,"Cat Carrier","0.73","23"
443,"Air Fryer","0.73","23"
125,"Sony WH-1000XM5 Wireless Headphones","0.73","23"
158,"Razer BlackWidow Elite","0.73","23"
411,"Men's Casual Henley","0.73","23"
314,"Men's Sports Watch","0.72","24"
159,"Amazon Echo Show 8","0.72","24"
627,"Hiking Poles","0.72","24"
449,"Nonstick Frying Pan","0.72","24"
395,"Women's Tunic Top","0.72","24"
33,"Apple TV HD","0.72","24"
234,"HP Pavilion 27-inch All-in-One","0.72","24"
143,"Logitech MX Keys","0.72","24"
535,"Ice Cube Trays","0.72","24"
313,"Women's Leather Handbag","0.72","24"
150,"NVIDIA GeForce RTX 3080 Graphics Card","0.72","24"
653,"Tennis Set","0.72","24"
188,"Garmin Edge 530 GPS Bike Computer","0.72","24"
542,"Potato Masher","0.72","24"
468,"Dish Towels Set","0.72","24"
388,"Women's Wide-Leg Pants","0.71","25"
696,"Bird Treats","0.71","25"
282,"Logitech G502 Lightspeed Wireless Mouse","0.71","25"
598,"Baseball Glove","0.71","25"
62,"Samsung 34-Inch Curved Monitor","0.71","25"
599,"Exercise Ball","0.71","25"
46,"Dell Alienware m15 R6 Gaming Laptop","0.71","25"
719,"Paddleboard","0.71","25"
551,"Cat Bed","0.71","25"
13,"Apple iPad Pro (11-inch)","0.71","25"
303,"Razer Kraken Ultimate Gaming Headset","0.71","25"
569,"Tennis Racket","0.71","25"
38,"Apple Watch Ultra","0.71","25"
289,"Canon EOS Rebel T7i Camera Kit","0.71","25"
127,"Acer Nitro 5 Gaming Laptop","0.71","25"
276,"HP Chromebook x360 14","0.71","25"
549,"Bird Cage","0.70","26"
9,"Apple iPad 10th Gen","0.70","26"
68,"Samsung 55-Inch Q80T QLED TV","0.70","26"
364,"Men's Track Jacket","0.70","26"
203,"Razer Naga X MMO Gaming Mouse","0.70","26"
416,"Men's Lightweight Hoodie","0.70","26"
545,"Adjustable Measuring Cup","0.70","26"
353,"Women's Booties","0.70","26"
691,"Kids’ Baseball Mitt","0.70","26"
526,"Pot and Pan Protectors","0.70","26"
22,"Apple MacBook Air M2","0.70","26"
439,"Men's Jogging Pants","0.70","26"
396,"Unisex Leather Messenger Bag","0.70","26"
429,"Men's Casual Slacks","0.70","26"
592,"Educational Tablet","0.70","26"
232,"Microsoft Surface Headphones 2","0.70","26"
625,"Snowshoes","0.70","26"
51,"Dell Alienware x17 Gaming Laptop","0.70","26"
492,"Kitchen Sink Organizer","0.70","26"
117,"Western Digital 4TB My Passport External HD","0.70","26"
255,"Bose Soundbar 300","0.70","26"
16,"Apple iPhone 12 Mini","0.70","26"
280,"Sony WH-1000XM3 Wireless Headphones","0.70","26"
88,"Sony WH-1000XM4 Wireless Headphones","0.69","27"
75,"Samsung Galaxy Watch 5 Pro","0.69","27"
130,"Logitech G502 Hero Gaming Mouse","0.69","27"
454,"Cookware Set","0.69","27"
301,"Canon EOS 77D Camera Kit","0.69","27"
383,"Women's Printed Scarf","0.69","27"
387,"Men's Dress Vest","0.69","27"
444,"Coffee Maker","0.69","27"
703,"Cat Play Mat","0.69","27"
384,"Men's Baseball Cap","0.69","27"
211,"Western Digital My Passport 1TB External HD","0.69","27"
367,"Men's Casual Button-Down","0.69","27"
701,"Pet Car Seat Cover","0.69","27"
170,"Jabra Speak 710","0.69","27"
233,"Logitech Brio 4K Ultra HD Webcam","0.69","27"
355,"Women's Denim Jacket","0.69","27"
133,"Jabra Elite Active 65t","0.68","28"
15,"Apple iPad Pro 12.9-inch (5th Gen)","0.68","28"
400,"Women's Peplum Top","0.68","28"
214,"Canon RF 24-70mm f/2.8L IS USM Lens","0.68","28"
93,"LG OLED C1 Series 55-Inch TV","0.68","28"
200,"Anker Soundcore Liberty Air 2 Pro","0.68","28"
675,"Magnetic Building Blocks","0.68","28"
623,"Golf Balls","0.68","28"
272,"Razer Basilisk V3 Gaming Mouse","0.68","28"
621,"Learning Tablet","0.68","28"
563,"Puzzle","0.68","28"
418,"Unisex Fanny Pack","0.68","28"
56,"Samsung Galaxy Z Fold 4","0.68","28"
710,"Ride-On Car","0.67","29"
585,"Cat Tree","0.67","29"
64,"Samsung Galaxy Watch 4","0.67","29"
715,"Outdoor Basketball Net","0.67","29"
709,"Bouncing Ball","0.67","29"
379,"Men's Leather Backpack","0.67","29"
568,"Soccer Ball","0.67","29"
559,"Remote Control Car","0.67","29"
725,"Cat Playhouse","0.67","29"
340,"Women's Athletic Shoes","0.67","29"
425,"Women's Embroidered Jacket","0.67","29"
636,"Pet Gate","0.67","29"
254,"Canon EOS 90D Camera Kit","0.67","29"
268,"Canon EOS 6D Mark II Camera Kit","0.67","29"
380,"Women's Quilted Vest","0.67","29"
108,"Epson EcoTank ET-2760 Printer","0.67","29"
613,"Hamster Cage","0.67","29"
480,"Panini Press","0.67","29"
486,"Silicone Spatula Set","0.67","29"
591,"Kites","0.67","29"
74,"Samsung 32-Inch Odyssey G5 Monitor","0.66","30"
739,"Indoor Climbing Set","0.66","30"
246,"Microsoft Xbox Elite Series 2 Controller","0.66","30"
338,"Women's Silk Blouse","0.66","30"
550,"Pet Carrier","0.66","30"
498,"Nonstick Bakeware Set","0.66","30"
309,"Men's Classic T-Shirt","0.66","30"
49,"Dell XPS 13 Plus","0.66","30"
711,"Inflatable Slide","0.66","30"
469,"Kitchen Utensil Set","0.66","30"
615,"Magic Markers Set","0.66","30"
687,"Soccer Shin Guards","0.66","30"
488,"Bread Maker","0.66","30"
161,"Logitech G Pro Gaming Keyboard","0.66","30"
660,"Fitness Tracker","0.66","30"
302,"Lenovo IdeaPad 3 15 Laptop","0.66","30"
172,"LG CineBeam HU80KA 4K Laser Projector","0.66","30"
442,"4-Slice Toaster","0.66","30"
459,"Set of Mixing Bowls","0.66","30"
90,"Canon EOS R5 Mirrorless Camera","0.66","30"
574,"Camping Tent","0.66","30"
433,"Unisex Wide Brim Hat","0.66","30"
360,"Women's Embellished Dress","0.66","30"
389,"Men's Casual Shirt","0.66","30"
263,"Sony A7 III Camera Kit","0.66","30"
110,"Philips Hue White and Color Ambiance Bulbs","0.66","30"
571,"Dumbbell Set","0.66","30"
341,"Unisex Cardigan","0.65","31"
683,"Hiking Boots","0.65","31"
470,"Cast Iron Skillet","0.65","31"
138,"Razer DeathAdder V2","0.65","31"
461,"Spice Rack","0.65","31"
650,"Water Gun","0.65","31"
298,"Razer BlackWidow V3 Keyboard","0.65","31"
602,"Swim Goggles","0.65","31"
532,"Collapsible Storage Bins","0.65","31"
153,"Sennheiser HD 660S","0.65","31"
674,"Kids’ Tent","0.65","31"
155,"Bose 700 Noise Cancelling Headphones","0.65","31"
441,"Stainless Steel Cookware Set","0.65","31"
547,"Dog Leash","0.65","31"
652,"Soccer Net","0.65","31"
489,"Electric Hot Pot","0.65","31"
102,"Bose SoundLink Revolve+","0.65","31"
385,"Women's Trapeze Dress","0.65","31"
544,"Pan Protector","0.65","31"
176,"Sony Xperia 5 II","0.65","31"
390,"Women's A-Line Skirt","0.64","32"
505,"Soup Maker","0.64","32"
690,"Beach Ball","0.64","32"
626,"Baseball Bat","0.64","32"
608,"Dog Nail Clippers","0.64","32"
698,"Pet Food Storage Container","0.64","32"
177,"Logitech C922 Pro Stream Webcam","0.64","32"
216,"Sony A7R IV Mirrorless Camera","0.64","32"
44,"Dell S3221QS Curved Monitor","0.64","32"
622,"Hot Wheels Cars","0.64","32"
120,"Logitech C920 HD Pro Webcam","0.64","32"
136,"Sony X90J 55-Inch TV","0.64","32"
720,"Portable Basketball Hoop","0.64","32"
37,"Apple Watch Series 8","0.64","32"
270,"Anker Soundcore Motion+","0.64","32"
745,"Cat Wand Toy","0.64","32"
737,"Mini Pool Table","0.64","32"
412,"Women's Long Cardigan","0.64","32"
197,"Sony Alpha 7C Mirrorless Camera","0.64","32"
436,"Unisex Knit Scarf","0.64","32"
494,"Countertop Compost Bin","0.64","32"
335,"Women's Trench Coat","0.64","32"
414,"Men's Crewneck Sweatshirt","0.63","33"
82,"Samsung Galaxy S21 FE","0.63","33"
450,"Food Processor","0.63","33"
89,"Bose QuietComfort 35 II","0.63","33"
122,"Sennheiser Momentum True Wireless 2","0.63","33"
536,"Rolling Pin with Thickness Rings","0.63","33"
605,"Dog Harness","0.63","33"
236,"Canon EOS Rebel T8i Camera Kit","0.63","33"
243,"HP Elite Dragonfly Laptop","0.63","33"
339,"Men's Zip-Up Hoodie","0.63","33"
485,"Tea Kettle","0.63","33"
728,"Cat Puzzle Feeder","0.63","33"
724,"Pet Training Mat","0.63","33"
594,"RC Boat","0.63","33"
224,"LG UltraGear 38GN950 Monitor","0.63","33"
91,"Microsoft Surface Pro 8","0.63","33"
525,"Tea Towels Set","0.63","33"
560,"Dollhouse","0.63","33"
604,"Pet Cooling Mat","0.63","33"
306,"Canon EOS 6D Mark II Camera Kit","0.63","33"
343,"Women's Denim Skirt","0.63","33"
668,"Cat Carrier Backpack","0.62","34"
320,"Women's Sun Hat","0.62","34"
729,"Pet Car Window Shade","0.62","34"
124,"Beyerdynamic DT 990 Pro Headphones","0.62","34"
693,"Pet Door","0.62","34"
637,"Dog First Aid Kit","0.62","34"
714,"Tennis Racket Set","0.62","34"
401,"Unisex Graphic Tee","0.62","34"
678,"Remote-Controlled Truck","0.62","34"
456,"Portable Induction Cooktop","0.62","34"
231,"Sony A7S III Mirrorless Camera","0.62","34"
66,"Samsung Galaxy Tab S7+","0.62","34"
285,"Sony WH-H910N Noise Cancelling Headphones","0.62","34"
86,"Samsung 32-Inch Curved UHD Monitor","0.62","34"
35,"Apple Watch SE (2022)","0.62","34"
717,"Soccer Goal","0.62","34"
54,"Samsung 65-Inch QLED TV","0.62","34"
274,"Sony RX0 II Camera","0.62","34"
205,"Logitech G923 Racing Wheel","0.62","34"
135,"Canon EOS M50 Mark II","0.62","34"
326,"Unisex Beanie Hat","0.62","34"
189,"Sennheiser CX 400BT True Wireless","0.62","34"
39,"Dell XPS 13 Laptop","0.62","34"
509,"Kitchen Drawer Organizers","0.62","34"
258,"Sony XBR-65A8H OLED TV","0.62","34"
59,"Samsung Galaxy Note 20 Ultra","0.61","35"
448,"Dish Rack","0.61","35"
141,"Fitbit Versa 3","0.61","35"
194,"Microsoft Surface Book 3","0.61","35"
640,"Pet Odor Eliminator","0.61","35"
548,"Cat Scratching Post","0.61","35"
596,"Skateboard","0.61","35"
452,"Stand Mixer","0.61","35"
167,"Anker Soundcore Flare 2","0.61","35"
179,"Huawei MatePad Pro","0.61","35"
345,"Women's Overalls","0.61","35"
508,"Bread Box","0.61","35"
178,"Roku Ultra 2022","0.61","35"
573,"Hiking Backpack","0.61","35"
403,"Women's Wide Brim Hat","0.61","35"
296,"Canon EOS M50 Mark II Camera Kit","0.61","35"
1,"Apple AirPods 3rd Gen","0.61","35"
522,"Microwave Popcorn Popper","0.61","35"
247,"Bose Sleepbuds II","0.61","35"
284,"Razer BlackWidow V3 Gaming Keyboard","0.61","35"
404,"Men's Denim Jeans","0.61","35"
619,"Puzzle Mat","0.61","35"
649,"Electronic Drum Set","0.60","36"
103,"Sony A7 III Mirrorless Camera","0.60","36"
558,"Lego Building Blocks","0.60","36"
73,"Samsung Galaxy Z Flip 5","0.60","36"
482,"Adjustable Rolling Pin","0.60","36"
512,"Canister Set","0.60","36"
528,"Dishwashing Gloves","0.60","36"
267,"Google Pixel 6 Pro","0.60","36"
567,"Basketball","0.60","36"
30,"Apple Magic Trackpad","0.60","36"
145,"Western Digital My Book 8TB External HD","0.60","36"
226,"Bose Home Speaker 500","0.60","36"
377,"Men's Lightweight Jacket","0.60","36"
180,"Bose Noise Cancelling Headphones 700","0.60","36"
579,"Dog Bed","0.60","36"
292,"Sony A9 II Mirrorless Camera","0.59","37"
435,"Women's Wool Blend Dress","0.59","37"
713,"Skateboard Deck","0.59","37"
639,"Dog Agility Equipment","0.59","37"
165,"Google Nest Hub Max","0.59","37"
740,"Electronic Building Blocks","0.59","37"
552,"Dog Crate","0.59","37"
742,"Pet Exercise Wheel","0.59","37"
684,"Golf Bag","0.59","37"
278,"Canon EOS Rebel T7 DSLR Kit","0.59","37"
642,"Inflatable Pool","0.59","37"
53,"Dell Alienware m17 R5 Gaming Laptop","0.59","37"
655,"Exercise Resistance Bands","0.59","37"
688,"Sports Socks","0.59","37"
515,"Sifter","0.59","37"
361,"Unisex Messenger Bag","0.58","38"
700,"Dog Boots","0.58","38"
105,"Jabra Elite 75t Wireless Earbuds","0.58","38"
50,"Dell Inspiron 14 5000","0.58","38"
590,"Trampoline","0.58","38"
466,"Can Opener","0.58","38"
743,"Dog Toothpaste","0.58","38"
291,"Razer Naga Pro Wireless Gaming Mouse","0.58","38"
47,"Dell Inspiron 14 5000 Laptop","0.58","38"
467,"Measuring Cups and Spoons Set","0.58","38"
2,"Apple AirPods Max","0.58","38"
240,"Sony WH-H910N Wireless Headphones","0.58","38"
346,"Unisex Wallet","0.58","38"
202,"Sony WH-XB910N Wireless Headphones","0.58","38"
477,"Electric Wine Opener","0.58","38"
727,"Pet Odor Neutralizer","0.58","38"
237,"Sony A6600 Mirrorless Camera","0.58","38"
629,"Camping Lantern","0.57","39"
741,"Kid’s Yoga Mat","0.57","39"
327,"Men's Leather Belt","0.57","39"
726,"Dog Bed with Canopy","0.57","39"
249,"Lenovo ThinkPad X1 Yoga","0.57","39"
300,"Microsoft Surface Headphones","0.57","39"
328,"Women's Knit Sweater","0.57","39"
181,"DJI Mavic Air 2","0.57","39"
213,"Logitech MX Master 2S","0.57","39"
305,"HP Pavilion x360 14 Laptop","0.57","39"
677,"Child’s Tool Set","0.57","39"
370,"Women's Long Sleeve Shirt","0.57","39"
57,"Samsung 32-Inch Odyssey G7 Monitor","0.57","39"
557,"Teddy Bear","0.57","39"
42,"Dell UltraSharp U2720Q Monitor","0.57","39"
148,"iRobot Roomba 694 Robot Vacuum","0.57","39"
471,"Mixing Bowls with Lids","0.57","39"
614,"Remote Control Helicopter","0.57","39"
630,"CrossFit Gear","0.57","39"
651,"Frisbee","0.57","39"
381,"Unisex Tech Gloves","0.57","39"
575,"Fishing Rod","0.57","39"
337,"Men's Dress Shoes","0.56","40"
472,"Food Storage Containers","0.56","40"
524,"Kitchen Gadget Set","0.56","40"
344,"Men's Casual Loafers","0.56","40"
681,"Paddle Ball","0.56","40"
566,"Building Blocks","0.56","40"
682,"Sports Goggles","0.56","40"
334,"Men's Canvas Sneakers","0.56","40"
463,"Baking Sheet Set","0.56","40"
490,"Kitchen Timer","0.56","40"
235,"Anker PowerCore 10000 Portable Charger","0.56","40"
204,"Microsoft Xbox Series S","0.56","40"
493,"Trash Can with Lid","0.56","40"
372,"Men's Casual Vest","0.55","41"
140,"HP ENVY 13 Laptop","0.55","41"
198,"Logitech G Pro Wireless Gaming Mouse","0.55","41"
519,"Cooktop Burner","0.55","41"
311,"Unisex Denim Jacket","0.55","41"
732,"Dog Harness with Leash","0.55","41"
266,"Jabra Elite Active 75t","0.55","41"
312,"Men's Running Shoes","0.55","41"
680,"Play Tent","0.55","41"
142,"Bose QuietComfort Earbuds","0.55","41"
6,"Apple iMac 24-Inch","0.55","41"
3,"Apple AirPods Pro","0.55","41"
518,"Electric Egg Cooker","0.55","41"
69,"Samsung Galaxy Z Fold 5","0.55","41"
79,"Samsung Galaxy S22 Plus","0.55","41"
294,"HP Envy 32 All-in-One Desktop","0.55","41"
